zonefile name,path
www.z1tv.com.,/home/matsu/census/z1tv.com/www.z1tv.com..txt
fjjg.com.cn.,/home/matsu/census/com.cn/fjjg.com.cn..txt
www.refrigerates.com.,/home/matsu/census/refrigerates.com/www.refrigerates.com..txt
ehotelier.de.,/home/matsu/census/ehotelier.de/ehotelier.de..txt
e6274.cn.,/home/matsu/census/e6274.cn/e6274.cn..txt
www.groupholistichealthcare.com.,/home/matsu/census/groupholistichealthcare.com/www.groupholistichealthcare.com..txt
iubus.com.,/home/matsu/census/iubus.com/iubus.com..txt
i2201.cn.,/home/matsu/census/i2201.cn/i2201.cn..txt
soleran.com.,/home/matsu/census/soleran.com/soleran.com..txt
1795.de.,/home/matsu/census/1795.de/1795.de..txt
www.quarterhorsemuseum.com.,/home/matsu/census/quarterhorsemuseum.com/www.quarterhorsemuseum.com..txt
www.h2725.cn.,/home/matsu/census/h2725.cn/www.h2725.cn..txt
mail.niob.de.,/home/matsu/census/niob.de/mail.niob.de..txt
manag.brad.ac.uk.,/home/matsu/census/ac.uk/manag.brad.ac.uk..txt
mommy2bfund.biz.,/home/matsu/census/mommy2bfund.biz/mommy2bfund.biz..txt
ns1.m-9.net.,/home/matsu/census/m-9.net/ns1.m-9.net..txt
imagefiles2011.com.,/home/matsu/census/imagefiles2011.com/imagefiles2011.com..txt
pafc.pandareports.com.,/home/matsu/census/pandareports.com/pafc.pandareports.com..txt
sabur.at.,/home/matsu/census/sabur.at/sabur.at..txt
www.impulsatunegocionline.com.,/home/matsu/census/impulsatunegocionline.com/www.impulsatunegocionline.com..txt
www.spacelaser.com.,/home/matsu/census/spacelaser.com/www.spacelaser.com..txt
www.sasoka.com.,/home/matsu/census/sasoka.com/www.sasoka.com..txt
gulfshoremedical.com.,/home/matsu/census/gulfshoremedical.com/gulfshoremedical.com..txt
www.somaliculture.net.,/home/matsu/census/somaliculture.net/www.somaliculture.net..txt
svn.ict.kth.se.,/home/matsu/census/kth.se/svn.ict.kth.se..txt
www.kamenshchik.com.,/home/matsu/census/kamenshchik.com/www.kamenshchik.com..txt
net.au.,/home/matsu/census/net.au/net.au..txt
r1653.cn.,/home/matsu/census/r1653.cn/r1653.cn..txt
www.turneau.com.,/home/matsu/census/turneau.com/www.turneau.com..txt
schnupper.com.,/home/matsu/census/schnupper.com/schnupper.com..txt
ahari.com.,/home/matsu/census/ahari.com/ahari.com..txt
dia-researchgroup.de.,/home/matsu/census/dia-researchgroup.de/dia-researchgroup.de..txt
rainiertech.com.,/home/matsu/census/rainiertech.com/rainiertech.com..txt
www.barefootontherock.com.,/home/matsu/census/barefootontherock.com/www.barefootontherock.com..txt
www.56qw.com.,/home/matsu/census/56qw.com/www.56qw.com..txt
www.romancatholicidentity.com.,/home/matsu/census/romancatholicidentity.com/www.romancatholicidentity.com..txt
uahosting.com.ua.,/home/matsu/census/com.ua/uahosting.com.ua..txt
www.k4909.cn.,/home/matsu/census/k4909.cn/www.k4909.cn..txt
perunica.com.,/home/matsu/census/perunica.com/perunica.com..txt
ahu.ilom.com.,/home/matsu/census/ilom.com/ahu.ilom.com..txt
r6191.cn.,/home/matsu/census/r6191.cn/r6191.cn..txt
www.just03.net.,/home/matsu/census/just03.net/www.just03.net..txt
urccyl.com.ua.,/home/matsu/census/com.ua/urccyl.com.ua..txt
illuminats.com.,/home/matsu/census/illuminats.com/illuminats.com..txt
met-plast.webd.pl.,/home/matsu/census/webd.pl/met-plast.webd.pl..txt
com.tw.,/home/matsu/census/com.tw/com.tw..txt
camhunterz.com.,/home/matsu/census/camhunterz.com/camhunterz.com..txt
retrozone.org.,/home/matsu/census/retrozone.org/retrozone.org..txt
www.coolest1.com.,/home/matsu/census/coolest1.com/www.coolest1.com..txt
qrj.at.,/home/matsu/census/qrj.at/qrj.at..txt
z621.cn.,/home/matsu/census/z621.cn/z621.cn..txt
www.romawomensinitiatives.org.,/home/matsu/census/romawomensinitiatives.org/www.romawomensinitiatives.org..txt
luxuryresortscapecod.com.,/home/matsu/census/luxuryresortscapecod.com/luxuryresortscapecod.com..txt
res.washk12.org.,/home/matsu/census/washk12.org/res.washk12.org..txt
insighteyecareme.com.,/home/matsu/census/insighteyecareme.com/insighteyecareme.com..txt
efsa.eu.int.,/home/matsu/census/eu.int/efsa.eu.int..txt
geely.org.,/home/matsu/census/geely.org/geely.org..txt
www.inv.fr.,/home/matsu/census/inv.fr/www.inv.fr..txt
tarkus.com.sg.,/home/matsu/census/com.sg/tarkus.com.sg..txt
www.walpha.com.,/home/matsu/census/walpha.com/www.walpha.com..txt
www.ouagafm.com.,/home/matsu/census/ouagafm.com/www.ouagafm.com..txt
iibesties.weds.com.,/home/matsu/census/weds.com/iibesties.weds.com..txt
ns2.royaltonarts.com.,/home/matsu/census/royaltonarts.com/ns2.royaltonarts.com..txt
doyoubelieveinmagic.net.,/home/matsu/census/doyoubelieveinmagic.net/doyoubelieveinmagic.net..txt
rolis.com.ua.,/home/matsu/census/com.ua/rolis.com.ua..txt
mebusinesswire.com.,/home/matsu/census/mebusinesswire.com/mebusinesswire.com..txt
campingpolska.de.,/home/matsu/census/campingpolska.de/campingpolska.de..txt
cumbersome.com.,/home/matsu/census/cumbersome.com/cumbersome.com..txt
gyeonggi.kr.,/home/matsu/census/gyeonggi.kr/gyeonggi.kr..txt
mail.tbc-wow.de.,/home/matsu/census/tbc-wow.de/mail.tbc-wow.de..txt
kamchatka.ru.,/home/matsu/census/kamchatka.ru/kamchatka.ru..txt
xdubj.com.,/home/matsu/census/xdubj.com/xdubj.com..txt
www.thestylespec.com.,/home/matsu/census/thestylespec.com/www.thestylespec.com..txt
com.cn.,/home/matsu/census/com.cn/com.cn..txt
www.sanbernardino.com.,/home/matsu/census/sanbernardino.com/www.sanbernardino.com..txt
www.hairbyhelmet.hphomelink.com.,/home/matsu/census/hphomelink.com/www.hairbyhelmet.hphomelink.com..txt
survey.gov.lk.,/home/matsu/census/gov.lk/survey.gov.lk..txt
cloudflare.net.,/home/matsu/census/cloudflare.net/cloudflare.net..txt
hyui.com.,/home/matsu/census/hyui.com/hyui.com..txt
www.zonalyla.com.,/home/matsu/census/zonalyla.com/www.zonalyla.com..txt
agulhas.com.,/home/matsu/census/agulhas.com/agulhas.com..txt
glimzz.com.,/home/matsu/census/glimzz.com/glimzz.com..txt
clickandlearn.cc.,/home/matsu/census/clickandlearn.cc/clickandlearn.cc..txt
z8679.cn.,/home/matsu/census/z8679.cn/z8679.cn..txt
wirelessman.org.,/home/matsu/census/wirelessman.org/wirelessman.org..txt
www.6-aef.com.,/home/matsu/census/6-aef.com/www.6-aef.com..txt
mobila.com.ua.,/home/matsu/census/com.ua/mobila.com.ua..txt
bronquios.com.,/home/matsu/census/bronquios.com/bronquios.com..txt
d8481.cn.,/home/matsu/census/d8481.cn/d8481.cn..txt
www.sanpaolodicivitate.com.,/home/matsu/census/sanpaolodicivitate.com/www.sanpaolodicivitate.com..txt
com.ua.,/home/matsu/census/com.ua/com.ua..txt
www.usarchery.org.,/home/matsu/census/usarchery.org/www.usarchery.org..txt
www.fandomfl.com.,/home/matsu/census/fandomfl.com/www.fandomfl.com..txt
hno-wendisch.de.,/home/matsu/census/hno-wendisch.de/hno-wendisch.de..txt
www.edematous.com.,/home/matsu/census/edematous.com/www.edematous.com..txt
cinema.ucla.edu.,/home/matsu/census/ucla.edu/cinema.ucla.edu..txt
www.leviniglut.net.,/home/matsu/census/leviniglut.net/www.leviniglut.net..txt
www.polonesia.com.,/home/matsu/census/polonesia.com/www.polonesia.com..txt
exampledepot.com.,/home/matsu/census/exampledepot.com/exampledepot.com..txt
tatsuno.co.in.,/home/matsu/census/co.in/tatsuno.co.in..txt
minitor5online.com.,/home/matsu/census/minitor5online.com/minitor5online.com..txt
www.gfgwxw.com.,/home/matsu/census/gfgwxw.com/www.gfgwxw.com..txt
zayelion.com.,/home/matsu/census/zayelion.com/zayelion.com..txt
lloydstsb.com.ec.,/home/matsu/census/com.ec/lloydstsb.com.ec..txt
ahu.ahu.ahu.turl.com.,/home/matsu/census/turl.com/ahu.ahu.ahu.turl.com..txt
www.lyrics-of-death.de.,/home/matsu/census/lyrics-of-death.de/www.lyrics-of-death.de..txt
www.4insurancehub.com.,/home/matsu/census/4insurancehub.com/www.4insurancehub.com..txt
michaels.me.uk.,/home/matsu/census/me.uk/michaels.me.uk..txt
mail.cx17.cn.,/home/matsu/census/cx17.cn/mail.cx17.cn..txt
dragonchasers.gamerdna.com.,/home/matsu/census/gamerdna.com/dragonchasers.gamerdna.com..txt
san9000.ugodz.com.,/home/matsu/census/ugodz.com/san9000.ugodz.com..txt
www.chemcity.com.,/home/matsu/census/chemcity.com/www.chemcity.com..txt
lzqq.gov.cn.,/home/matsu/census/gov.cn/lzqq.gov.cn..txt
www.maccho.net.,/home/matsu/census/maccho.net/www.maccho.net..txt
nikc.de.,/home/matsu/census/nikc.de/nikc.de..txt
www.vyt.at.,/home/matsu/census/vyt.at/www.vyt.at..txt
diamondsthreestonerings.com.,/home/matsu/census/diamondsthreestonerings.com/diamondsthreestonerings.com..txt
watra.org.pl.,/home/matsu/census/org.pl/watra.org.pl..txt
www.fcmls.com.,/home/matsu/census/fcmls.com/www.fcmls.com..txt
singleparents.net.,/home/matsu/census/singleparents.net/singleparents.net..txt
q1g.lol.0sp.in.,/home/matsu/census/0sp.in/q1g.lol.0sp.in..txt
vologda.ru.,/home/matsu/census/vologda.ru/vologda.ru..txt
t3141.cn.,/home/matsu/census/t3141.cn/t3141.cn..txt
j3329.cn.,/home/matsu/census/j3329.cn/j3329.cn..txt
interlop.com.,/home/matsu/census/interlop.com/interlop.com..txt
natura.net.pl.,/home/matsu/census/net.pl/natura.net.pl..txt
1kbgrid.com.,/home/matsu/census/1kbgrid.com/1kbgrid.com..txt
sahmtn2.com.,/home/matsu/census/sahmtn2.com/sahmtn2.com..txt
emailupdate.oceanuk.com.,/home/matsu/census/oceanuk.com/emailupdate.oceanuk.com..txt
org.br.,/home/matsu/census/org.br/org.br..txt
voicetree.co.in.,/home/matsu/census/co.in/voicetree.co.in..txt
cref7.org.br.,/home/matsu/census/org.br/cref7.org.br..txt
beamsville.net.,/home/matsu/census/beamsville.net/beamsville.net..txt
narod.ru.,/home/matsu/census/narod.ru/narod.ru..txt
www.ctetest.net.,/home/matsu/census/ctetest.net/www.ctetest.net..txt
poderpopular.org.,/home/matsu/census/poderpopular.org/poderpopular.org..txt
sexyxtwinks.com.,/home/matsu/census/sexyxtwinks.com/sexyxtwinks.com..txt
van.employeeresearchers.com.,/home/matsu/census/employeeresearchers.com/van.employeeresearchers.com..txt
kelthuzad.justgotowned.com.,/home/matsu/census/justgotowned.com/kelthuzad.justgotowned.com..txt
auryon.mistranscriptionconfigurationally.info.,/home/matsu/census/mistranscriptionconfigurationally.info/auryon.mistranscriptionconfigurationally.info..txt
www.trulythinking.com.,/home/matsu/census/trulythinking.com/www.trulythinking.com..txt
mail.kaloo.net.,/home/matsu/census/kaloo.net/mail.kaloo.net..txt
www.mentallo.com.,/home/matsu/census/mentallo.com/www.mentallo.com..txt
co.kr.,/home/matsu/census/co.kr/co.kr..txt
tupad.com.,/home/matsu/census/tupad.com/tupad.com..txt
iqnic.com.,/home/matsu/census/iqnic.com/iqnic.com..txt
www.flourishman.com.,/home/matsu/census/flourishman.com/www.flourishman.com..txt
europa.eu.,/home/matsu/census/europa.eu/europa.eu..txt
newsjourney.co.cc.,/home/matsu/census/co.cc/newsjourney.co.cc..txt
www.nationalcenterformen.org.,/home/matsu/census/nationalcenterformen.org/www.nationalcenterformen.org..txt
kalli.mistranscriptionconfigurationally.info.,/home/matsu/census/mistranscriptionconfigurationally.info/kalli.mistranscriptionconfigurationally.info..txt
tuckedin.com.,/home/matsu/census/tuckedin.com/tuckedin.com..txt
visiolink.planeetta.com.,/home/matsu/census/planeetta.com/visiolink.planeetta.com..txt
patinhos.com.,/home/matsu/census/patinhos.com/patinhos.com..txt
angelseyes.net.,/home/matsu/census/angelseyes.net/angelseyes.net..txt
www.joei.com.,/home/matsu/census/joei.com/www.joei.com..txt
ynaic.gov.cn.,/home/matsu/census/gov.cn/ynaic.gov.cn..txt
piv.org.,/home/matsu/census/piv.org/piv.org..txt
fx.matomeru.info.,/home/matsu/census/matomeru.info/fx.matomeru.info..txt
baskettcase.com.,/home/matsu/census/baskettcase.com/baskettcase.com..txt
www.pksandgravel.com.,/home/matsu/census/pksandgravel.com/www.pksandgravel.com..txt
free.fr.,/home/matsu/census/free.fr/free.fr..txt
co.cc.,/home/matsu/census/co.cc/co.cc..txt
ifaco.net.,/home/matsu/census/ifaco.net/ifaco.net..txt
www.ofrl.com.,/home/matsu/census/ofrl.com/www.ofrl.com..txt
www.amongsports.com.,/home/matsu/census/amongsports.com/www.amongsports.com..txt
grupo.amures.org.br.,/home/matsu/census/org.br/grupo.amures.org.br..txt
nordicblading.com.,/home/matsu/census/nordicblading.com/nordicblading.com..txt
www.wolfenbuettel.org.,/home/matsu/census/wolfenbuettel.org/www.wolfenbuettel.org..txt
thekingslandplan.thepricenet.com.,/home/matsu/census/thepricenet.com/thekingslandplan.thepricenet.com..txt
marmara.edu.tr.,/home/matsu/census/edu.tr/marmara.edu.tr..txt
volkswagaon.com.,/home/matsu/census/volkswagaon.com/volkswagaon.com..txt
www.erun.eu.,/home/matsu/census/erun.eu/www.erun.eu..txt
rodneylibraries.govt.nz.,/home/matsu/census/govt.nz/rodneylibraries.govt.nz..txt
skaysolutions.net.,/home/matsu/census/skaysolutions.net/skaysolutions.net..txt
co.in.,/home/matsu/census/co.in/co.in..txt
www.fulltimewebmaster.com.,/home/matsu/census/fulltimewebmaster.com/www.fulltimewebmaster.com..txt
pro-of.com.ua.,/home/matsu/census/com.ua/pro-of.com.ua..txt
downloadcounts.com.,/home/matsu/census/downloadcounts.com/downloadcounts.com..txt
www.mundourbanord.com.,/home/matsu/census/mundourbanord.com/www.mundourbanord.com..txt
tubevipe.rqiaclonesw.info.,/home/matsu/census/rqiaclonesw.info/tubevipe.rqiaclonesw.info..txt
www.hondamotor.de.,/home/matsu/census/hondamotor.de/www.hondamotor.de..txt
cnmc.gov.kh.,/home/matsu/census/gov.kh/cnmc.gov.kh..txt
ns1.hebergementultra.com.,/home/matsu/census/hebergementultra.com/ns1.hebergementultra.com..txt
ranchersstewardshipalliance.org.,/home/matsu/census/ranchersstewardshipalliance.org/ranchersstewardshipalliance.org..txt
isacks.com.,/home/matsu/census/isacks.com/isacks.com..txt
www.eassignment.com.,/home/matsu/census/eassignment.com/www.eassignment.com..txt
hotmail.com.,/home/matsu/census/hotmail.com/hotmail.com..txt
ns1.nanohill.net.,/home/matsu/census/nanohill.net/ns1.nanohill.net..txt
www.46081.com.,/home/matsu/census/46081.com/www.46081.com..txt
www.freesoftwarefullversion.com.,/home/matsu/census/freesoftwarefullversion.com/www.freesoftwarefullversion.com..txt
com.vn.,/home/matsu/census/com.vn/com.vn..txt
gabriellebossis.it.,/home/matsu/census/gabriellebossis.it/gabriellebossis.it..txt
livesportsblogger.com.,/home/matsu/census/livesportsblogger.com/livesportsblogger.com..txt
stanwardine.com.,/home/matsu/census/stanwardine.com/stanwardine.com..txt
www.vizcachas.com.,/home/matsu/census/vizcachas.com/www.vizcachas.com..txt
www.fubaito.com.,/home/matsu/census/fubaito.com/www.fubaito.com..txt
inputdevice.co.kr.,/home/matsu/census/co.kr/inputdevice.co.kr..txt
www.suvie.com.,/home/matsu/census/suvie.com/www.suvie.com..txt
ambertravel.com.my.,/home/matsu/census/com.my/ambertravel.com.my..txt
justwowpics.net.,/home/matsu/census/justwowpics.net/justwowpics.net..txt
www.start-business-consulting.info.,/home/matsu/census/start-business-consulting.info/www.start-business-consulting.info..txt
ns1.ldat3.com.,/home/matsu/census/ldat3.com/ns1.ldat3.com..txt
spaces.live.com.,/home/matsu/census/live.com/spaces.live.com..txt
www.1ogo.com.,/home/matsu/census/1ogo.com/www.1ogo.com..txt
www.galatasaraymersin.com.,/home/matsu/census/galatasaraymersin.com/www.galatasaraymersin.com..txt
economie.gov.mr.,/home/matsu/census/gov.mr/economie.gov.mr..txt
www.amod.de.,/home/matsu/census/amod.de/www.amod.de..txt
ns2.telugumobilemovies.org.,/home/matsu/census/telugumobilemovies.org/ns2.telugumobilemovies.org..txt
macnewsweekly.com.,/home/matsu/census/macnewsweekly.com/macnewsweekly.com..txt
dyndns.org.,/home/matsu/census/dyndns.org/dyndns.org..txt
www.testquestionsandanswers.com.,/home/matsu/census/testquestionsandanswers.com/www.testquestionsandanswers.com..txt
com-view.com.,/home/matsu/census/com-view.com/com-view.com..txt
www.supial.com.,/home/matsu/census/supial.com/www.supial.com..txt
mic.gov.py.,/home/matsu/census/gov.py/mic.gov.py..txt
beebehill.info.,/home/matsu/census/beebehill.info/beebehill.info..txt
bigpu.cn.,/home/matsu/census/bigpu.cn/bigpu.cn..txt
mytomato.pe.kr.,/home/matsu/census/pe.kr/mytomato.pe.kr..txt
www.bimolecular.com.,/home/matsu/census/bimolecular.com/www.bimolecular.com..txt
gov.cn.,/home/matsu/census/gov.cn/gov.cn..txt
kiui.net.,/home/matsu/census/kiui.net/kiui.net..txt
www.georgew.eu.,/home/matsu/census/georgew.eu/www.georgew.eu..txt
bjlkp.com.cn.,/home/matsu/census/com.cn/bjlkp.com.cn..txt
law.co.zw.,/home/matsu/census/co.zw/law.co.zw..txt
valtorta.edu.hk.,/home/matsu/census/edu.hk/valtorta.edu.hk..txt
www.drzero.com.,/home/matsu/census/drzero.com/www.drzero.com..txt
ns1.zdjxgs.com.,/home/matsu/census/zdjxgs.com/ns1.zdjxgs.com..txt
davidfabian.net.,/home/matsu/census/davidfabian.net/davidfabian.net..txt
abcphoto.com.ua.,/home/matsu/census/com.ua/abcphoto.com.ua..txt
www.kurdit.org.,/home/matsu/census/kurdit.org/www.kurdit.org..txt
oskido.com.,/home/matsu/census/oskido.com/oskido.com..txt
www.penuche.net.,/home/matsu/census/penuche.net/www.penuche.net..txt
psy.info.pl.,/home/matsu/census/info.pl/psy.info.pl..txt
www.nandyal.com.,/home/matsu/census/nandyal.com/www.nandyal.com..txt
www.embajadadebrasil.com.,/home/matsu/census/embajadadebrasil.com/www.embajadadebrasil.com..txt
okky.de.,/home/matsu/census/okky.de/okky.de..txt
www.haram.de.,/home/matsu/census/haram.de/www.haram.de..txt
rpt-001.c.geoadmin.com.,/home/matsu/census/geoadmin.com/rpt-001.c.geoadmin.com..txt
wrevo.com.,/home/matsu/census/wrevo.com/wrevo.com..txt
www.o-us.com.,/home/matsu/census/o-us.com/www.o-us.com..txt
ns1.topleveltech.com.,/home/matsu/census/topleveltech.com/ns1.topleveltech.com..txt
www.hanga.net.,/home/matsu/census/hanga.net/www.hanga.net..txt
www.qdly.com.,/home/matsu/census/qdly.com/www.qdly.com..txt
wrxu.com.,/home/matsu/census/wrxu.com/wrxu.com..txt
jurong.gov.cn.,/home/matsu/census/gov.cn/jurong.gov.cn..txt
www.bleargh.net.,/home/matsu/census/bleargh.net/www.bleargh.net..txt
com.mx.,/home/matsu/census/com.mx/com.mx..txt
lpes.ylc.edu.tw.,/home/matsu/census/edu.tw/lpes.ylc.edu.tw..txt
www.aston-villa.eu.,/home/matsu/census/aston-villa.eu/www.aston-villa.eu..txt
fisher.kiev.ua.,/home/matsu/census/kiev.ua/fisher.kiev.ua..txt
kiev.ua.,/home/matsu/census/kiev.ua/kiev.ua..txt
stone.co.ua.,/home/matsu/census/co.ua/stone.co.ua..txt
jewelrystore.eu.,/home/matsu/census/jewelrystore.eu/jewelrystore.eu..txt
shop-kosmetik.de.vu.,/home/matsu/census/de.vu/shop-kosmetik.de.vu..txt
freiberger-karnevalsklub.de.vu.,/home/matsu/census/de.vu/freiberger-karnevalsklub.de.vu..txt
yzgsfj.gov.cn.,/home/matsu/census/gov.cn/yzgsfj.gov.cn..txt
forsterite.net.,/home/matsu/census/forsterite.net/forsterite.net..txt
staffs.ac.uk.,/home/matsu/census/ac.uk/staffs.ac.uk..txt
www.easysharing.de.,/home/matsu/census/easysharing.de/www.easysharing.de..txt
regiowest.de.,/home/matsu/census/regiowest.de/regiowest.de..txt
www.qualitytimemoms.com.,/home/matsu/census/qualitytimemoms.com/www.qualitytimemoms.com..txt
www.jennes.net.,/home/matsu/census/jennes.net/www.jennes.net..txt
www.longdata.com.,/home/matsu/census/longdata.com/www.longdata.com..txt
rj.idv.tw.,/home/matsu/census/idv.tw/rj.idv.tw..txt
ns1.redsumoit.com.,/home/matsu/census/redsumoit.com/ns1.redsumoit.com..txt
jrd.com.my.,/home/matsu/census/com.my/jrd.com.my..txt
www.bestspearfishing.com.,/home/matsu/census/bestspearfishing.com/www.bestspearfishing.com..txt
mail.re-rise.com.,/home/matsu/census/re-rise.com/mail.re-rise.com..txt
troikaa.co.in.,/home/matsu/census/co.in/troikaa.co.in..txt
bestshopping.siamdude.com.,/home/matsu/census/siamdude.com/bestshopping.siamdude.com..txt
www.computervillager.de.,/home/matsu/census/computervillager.de/www.computervillager.de..txt
successo.eu.,/home/matsu/census/successo.eu/successo.eu..txt
perfectlypeet.com.,/home/matsu/census/perfectlypeet.com/perfectlypeet.com..txt
www.linkmister.info.,/home/matsu/census/linkmister.info/www.linkmister.info..txt
com.my.,/home/matsu/census/com.my/com.my..txt
brayan97349.com.,/home/matsu/census/brayan97349.com/brayan97349.com..txt
rtv-serwis.szczecin.pl.,/home/matsu/census/szczecin.pl/rtv-serwis.szczecin.pl..txt
www.theexitpro.com.,/home/matsu/census/theexitpro.com/www.theexitpro.com..txt
buyauthenticbags.com.,/home/matsu/census/buyauthenticbags.com/buyauthenticbags.com..txt
greatests.com.,/home/matsu/census/greatests.com/greatests.com..txt
latinusa.co.id.,/home/matsu/census/co.id/latinusa.co.id..txt
com.sg.,/home/matsu/census/com.sg/com.sg..txt
web-by.net.,/home/matsu/census/web-by.net/web-by.net..txt
ns2.mrwebhoster.com.,/home/matsu/census/mrwebhoster.com/ns2.mrwebhoster.com..txt
forcefactornitricoxidesupplements.acereferrals.com.,/home/matsu/census/acereferrals.com/forcefactornitricoxidesupplements.acereferrals.com..txt
85399.com.,/home/matsu/census/85399.com/85399.com..txt
vjon.com.,/home/matsu/census/vjon.com/vjon.com..txt
www.motospassion.com.,/home/matsu/census/motospassion.com/www.motospassion.com..txt
www.sulygov.com.,/home/matsu/census/sulygov.com/www.sulygov.com..txt
kidssongs.twinkletrax.com.,/home/matsu/census/twinkletrax.com/kidssongs.twinkletrax.com..txt
remote.robinsonorthodontics.com.,/home/matsu/census/robinsonorthodontics.com/remote.robinsonorthodontics.com..txt
dns2.fusionpage.com.,/home/matsu/census/fusionpage.com/dns2.fusionpage.com..txt
gtalk.org.,/home/matsu/census/gtalk.org/gtalk.org..txt
cyclesdirect.com.,/home/matsu/census/cyclesdirect.com/cyclesdirect.com..txt
platformshoes.ca.,/home/matsu/census/platformshoes.ca/platformshoes.ca..txt
liukung.org.tw.,/home/matsu/census/org.tw/liukung.org.tw..txt
forweb.ca.,/home/matsu/census/forweb.ca/forweb.ca..txt
themostseconds.com.,/home/matsu/census/themostseconds.com/themostseconds.com..txt
www.niacinamide.com.,/home/matsu/census/niacinamide.com/www.niacinamide.com..txt
ntmarine.com.,/home/matsu/census/ntmarine.com/ntmarine.com..txt
www.montanaheritagecommission.com.,/home/matsu/census/montanaheritagecommission.com/www.montanaheritagecommission.com..txt
www.go-gp.com.,/home/matsu/census/go-gp.com/www.go-gp.com..txt
apetece.com.,/home/matsu/census/apetece.com/apetece.com..txt
www.descargar-karaoke.com.,/home/matsu/census/descargar-karaoke.com/www.descargar-karaoke.com..txt
dhavalparikh.co.in.,/home/matsu/census/co.in/dhavalparikh.co.in..txt
www.azeweb.com.,/home/matsu/census/azeweb.com/www.azeweb.com..txt
www.ncee.net.,/home/matsu/census/ncee.net/www.ncee.net..txt
nextgen.com.ua.,/home/matsu/census/com.ua/nextgen.com.ua..txt
epcos.com.sg.,/home/matsu/census/com.sg/epcos.com.sg..txt
cbvm.edu.py.,/home/matsu/census/edu.py/cbvm.edu.py..txt
netfirms.com.,/home/matsu/census/netfirms.com/netfirms.com..txt
scapegrace.net.,/home/matsu/census/scapegrace.net/scapegrace.net..txt
www.actual-exams.com.,/home/matsu/census/actual-exams.com/www.actual-exams.com..txt
san-francisco-bus-rental.charterbus-tourbus.com.,/home/matsu/census/charterbus-tourbus.com/san-francisco-bus-rental.charterbus-tourbus.com..txt
www.dbaaa.com.,/home/matsu/census/dbaaa.com/www.dbaaa.com..txt
psyhealth.org.ua.,/home/matsu/census/org.ua/psyhealth.org.ua..txt
www.theantidietplan.com.,/home/matsu/census/theantidietplan.com/www.theantidietplan.com..txt
www.qoozo.com.,/home/matsu/census/qoozo.com/www.qoozo.com..txt
humugus.com.,/home/matsu/census/humugus.com/humugus.com..txt
introvideo.com.,/home/matsu/census/introvideo.com/introvideo.com..txt
itguide.net.,/home/matsu/census/itguide.net/itguide.net..txt
theannie.com.,/home/matsu/census/theannie.com/theannie.com..txt
twinpines.nl.,/home/matsu/census/twinpines.nl/twinpines.nl..txt
notjerseyshore.com.,/home/matsu/census/notjerseyshore.com/notjerseyshore.com..txt
www.r3986.cn.,/home/matsu/census/r3986.cn/www.r3986.cn..txt
tkb.pl.,/home/matsu/census/tkb.pl/tkb.pl..txt
fatsimare.eu.,/home/matsu/census/fatsimare.eu/fatsimare.eu..txt
bkoe.com.,/home/matsu/census/bkoe.com/bkoe.com..txt
xsrr.com.,/home/matsu/census/xsrr.com/xsrr.com..txt
knip.pol.lublin.pl.,/home/matsu/census/lublin.pl/knip.pol.lublin.pl..txt
cerby.com.,/home/matsu/census/cerby.com/cerby.com..txt
g1237.cn.,/home/matsu/census/g1237.cn/g1237.cn..txt
www.bananasplit.org.,/home/matsu/census/bananasplit.org/www.bananasplit.org..txt
www.haroldlewis.com.,/home/matsu/census/haroldlewis.com/www.haroldlewis.com..txt
www.n4203.cn.,/home/matsu/census/n4203.cn/www.n4203.cn..txt
www.hansnelson-sons.com.,/home/matsu/census/hansnelson-sons.com/www.hansnelson-sons.com..txt
thebusthemetaphor.com.,/home/matsu/census/thebusthemetaphor.com/thebusthemetaphor.com..txt
spurol.org.pa.,/home/matsu/census/org.pa/spurol.org.pa..txt
adcen.co.kr.,/home/matsu/census/co.kr/adcen.co.kr..txt
zu-gewinnen.de.,/home/matsu/census/zu-gewinnen.de/zu-gewinnen.de..txt
www.doublesite.com.,/home/matsu/census/doublesite.com/www.doublesite.com..txt
sns.us-west-1.amazonaws.com.,/home/matsu/census/amazonaws.com/sns.us-west-1.amazonaws.com..txt
cavaleirosdacultura.org.br.,/home/matsu/census/org.br/cavaleirosdacultura.org.br..txt
fww.org.pl.,/home/matsu/census/org.pl/fww.org.pl..txt
hyowon.hs.kr.,/home/matsu/census/hs.kr/hyowon.hs.kr..txt
www.mbc-bluthunde.de.,/home/matsu/census/mbc-bluthunde.de/www.mbc-bluthunde.de..txt
mit.bme.hu.,/home/matsu/census/bme.hu/mit.bme.hu..txt
videolinksonline.com.,/home/matsu/census/videolinksonline.com/videolinksonline.com..txt
dutchchat.org.,/home/matsu/census/dutchchat.org/dutchchat.org..txt
ttpaper.com.sg.,/home/matsu/census/com.sg/ttpaper.com.sg..txt
org.ua.,/home/matsu/census/org.ua/org.ua..txt
www.mantoy.com.,/home/matsu/census/mantoy.com/www.mantoy.com..txt
ns1.shadowstarhosting.com.,/home/matsu/census/shadowstarhosting.com/ns1.shadowstarhosting.com..txt
winwork.co.in.,/home/matsu/census/co.in/winwork.co.in..txt
zzad.com.cn.,/home/matsu/census/com.cn/zzad.com.cn..txt
www.oose.com.,/home/matsu/census/oose.com/www.oose.com..txt
enenkio.com.,/home/matsu/census/enenkio.com/enenkio.com..txt
sayiton.net.,/home/matsu/census/sayiton.net/sayiton.net..txt
www.dlkb.de.,/home/matsu/census/dlkb.de/www.dlkb.de..txt
sgn.lfcentennial.com.,/home/matsu/census/lfcentennial.com/sgn.lfcentennial.com..txt
hexact.com.,/home/matsu/census/hexact.com/hexact.com..txt
visitaloscabos.org.mx.,/home/matsu/census/org.mx/visitaloscabos.org.mx..txt
ufotoday.net.,/home/matsu/census/ufotoday.net/ufotoday.net..txt
www.jpod10barcelona.com.,/home/matsu/census/jpod10barcelona.com/www.jpod10barcelona.com..txt
novogor.vrn.ru.,/home/matsu/census/vrn.ru/novogor.vrn.ru..txt
www.armenianreporteronline.com.,/home/matsu/census/armenianreporteronline.com/www.armenianreporteronline.com..txt
www.execution.org.,/home/matsu/census/execution.org/www.execution.org..txt
dallasstewart.com.,/home/matsu/census/dallasstewart.com/dallasstewart.com..txt
toilette.com.ua.,/home/matsu/census/com.ua/toilette.com.ua..txt
netmedia.inf.br.,/home/matsu/census/inf.br/netmedia.inf.br..txt
wlzzradio.com.,/home/matsu/census/wlzzradio.com/wlzzradio.com..txt
politology.pu.ru.,/home/matsu/census/pu.ru/politology.pu.ru..txt
www.nuttenforum.ch.,/home/matsu/census/nuttenforum.ch/www.nuttenforum.ch..txt
ht-1596824659.us-east-1.elb.amazonaws.com.,/home/matsu/census/amazonaws.com/ht-1596824659.us-east-1.elb.amazonaws.com..txt
www.ejul.com.,/home/matsu/census/ejul.com/www.ejul.com..txt
csedu.gov.cn.,/home/matsu/census/gov.cn/csedu.gov.cn..txt
ruminations.co.cc.,/home/matsu/census/co.cc/ruminations.co.cc..txt
feedback.tori.in.,/home/matsu/census/tori.in/feedback.tori.in..txt
ns.adfeel.net.,/home/matsu/census/adfeel.net/ns.adfeel.net..txt
w.4liferecords.com.,/home/matsu/census/4liferecords.com/w.4liferecords.com..txt
www.dome.homo.com.,/home/matsu/census/homo.com/www.dome.homo.com..txt
ns1.bornapardaz.com.,/home/matsu/census/bornapardaz.com/ns1.bornapardaz.com..txt
3660010.net.sa.,/home/matsu/census/net.sa/3660010.net.sa..txt
www.nextia.com.,/home/matsu/census/nextia.com/www.nextia.com..txt
taiji.com.cn.,/home/matsu/census/com.cn/taiji.com.cn..txt
yeshivand.org.il.,/home/matsu/census/org.il/yeshivand.org.il..txt
p3388.cn.,/home/matsu/census/p3388.cn/p3388.cn..txt
www.jokecity.com.,/home/matsu/census/jokecity.com/www.jokecity.com..txt
ns1.ahu.oopi.com.,/home/matsu/census/oopi.com/ns1.ahu.oopi.com..txt
